<?xml version="1.0" encoding="UTF-8" standalone="no"?>
<event category="DRAW" id="0">
  <actions>
    <action id="603" library="1">
      <!--action name: Code-->
      <kind>CODE</kind>
      <allowRelative>false</allowRelative>
      <question>false</question>
      <canApplyTo>true</canApplyTo>
      <actionType>CODE</actionType>
      <functionName/>
      <relative>false</relative>
      <not>false</not>
      <appliesTo>.self</appliesTo>
      <arguments>
        <argument kind="STRING">if (two) {
    draw_sprite_ext(sprite_tilting_platform, 0, x, 3536, 1, 1, (x - object_Movable_Block_2.x) / 6, c_white, 1);
} else {
    draw_sprite_ext(sprite_tilting_platform, 0, x, 3392, 1, 1, (x - object_Movable_Block.x) / 6, c_white, 1);
}</argument>
      </arguments>
    </action>
  </actions>
</event>
