<?xml version="1.0" encoding="UTF-8" standalone="no"?>
<event category="STEP" id="0">
  <actions>
    <action id="603" library="1">
      <!--action name: Code-->
      <kind>CODE</kind>
      <allowRelative>false</allowRelative>
      <question>false</question>
      <canApplyTo>true</canApplyTo>
      <actionType>CODE</actionType>
      <functionName/>
      <relative>false</relative>
      <not>false</not>
      <appliesTo>.self</appliesTo>
      <arguments>
        <argument kind="STRING">if (two) {
    y = 3536 + ((((x - object_Sonic.x) / 1.43) * (((x - object_Movable_Block_2.x) / 1.43) / 272)) * 1.5);
    object_Movable_Block_2.y = (3536 - 32) + sqrt(sqr((x - object_Movable_Block_2.x) / 1.45));
} else {
    y = 3392 + ((((x - object_Sonic.x) / 1.43) * (((x - object_Movable_Block.x) / 1.43) / 272)) * 1.5);
    object_Movable_Block.y = (3392 - 32) + sqrt(sqr((x - object_Movable_Block.x) / 1.45));   
}</argument>
      </arguments>
    </action>
  </actions>
</event>
