<?xml version="1.0" encoding="UTF-8" standalone="no"?>
<event category="STEP" id="2">
  <actions>
    <action id="603" library="1">
      <!--action name: Code-->
      <kind>CODE</kind>
      <allowRelative>false</allowRelative>
      <question>false</question>
      <canApplyTo>true</canApplyTo>
      <actionType>CODE</actionType>
      <functionName/>
      <relative>false</relative>
      <not>false</not>
      <appliesTo>.self</appliesTo>
      <arguments>
        <argument kind="STRING">var i;
for(i = 0; i &lt; 3; i += 1) {
    platform[i].y = y;
    tops[i].y = y + 32;
}
</argument>
      </arguments>
    </action>
    <action id="601" library="1">
      <!--action name: Execute_Script-->
      <kind>NORMAL</kind>
      <allowRelative>false</allowRelative>
      <question>false</question>
      <canApplyTo>true</canApplyTo>
      <actionType>FUNCTION</actionType>
      <functionName>action_execute_script</functionName>
      <relative>false</relative>
      <not>false</not>
      <appliesTo>.self</appliesTo>
      <arguments>
        <argument kind="SCRIPT">script_stay_on_platform</argument>
        <argument kind="EXPRESSION">0</argument>
        <argument kind="EXPRESSION">0</argument>
        <argument kind="EXPRESSION">0</argument>
        <argument kind="EXPRESSION">0</argument>
        <argument kind="EXPRESSION">0</argument>
      </arguments>
    </action>
  </actions>
</event>
