<?xml version="1.0" encoding="UTF-8" standalone="no"?>
<event category="ALARM" id="0">
  <actions>
    <action id="603" library="1">
      <!--action name: Code-->
      <kind>CODE</kind>
      <allowRelative>false</allowRelative>
      <question>false</question>
      <canApplyTo>true</canApplyTo>
      <actionType>CODE</actionType>
      <functionName/>
      <relative>false</relative>
      <not>false</not>
      <appliesTo>.self</appliesTo>
      <arguments>
        <argument kind="STRING">rotated = true;

if (angle == 180) {
    angle = 270;
} else {
    angle = 90;
}

var i;
for (i = 0; i &lt; 6; i += 1) {
    with (platform[i]) {instance_destroy();}
}

alarm[1] = 30;</argument>
      </arguments>
    </action>
  </actions>
</event>
