<?xml version="1.0" encoding="UTF-8" standalone="no"?>
<event category="STEP" id="0">
  <actions>
    <action id="603" library="1">
      <!--action name: Code-->
      <kind>CODE</kind>
      <allowRelative>false</allowRelative>
      <question>false</question>
      <canApplyTo>true</canApplyTo>
      <actionType>CODE</actionType>
      <functionName/>
      <relative>false</relative>
      <not>false</not>
      <appliesTo>.self</appliesTo>
      <arguments>
        <argument kind="STRING">if (place_meeting(x, y - 16, object_Sonic)) {
    if (place_meeting(5200, y, object_Gate)) {
        with (object_Gate_Open) {
            if (gate_id == -2) {instance_change(object_Gate, false);}
        }
        if (!falling) {rising = true;}
    }
}
    
if (rising) {
    with (object_Switch) {
        if (switch_id == -3) {
            if (place_meeting(x, y, object_Sonic)) {
                instance_create(5200, 2672, object_Water_Flowing);
                instance_create(5232, 2672, object_Water_Flowing);
                var i;
                for (i = 5200; i &lt;= 6128; i += 32) {
                    var j;
                    for (j = 2704; j &lt;= other.ystart + 32; j += 32) {
                        instance_create(i, j, object_Water_Flowing);
                    }
                }
                for (i = other.ystart + other.sprite_height; i &lt; room_height; i += 32) {
                    var j;
                    for (j = 5968; j &lt; 6096; j += 32) {
                        instance_create(j, i, object_Water);
                    }
                } 
                other.rising = false;
                other.falling = true;
            }
        }
    }

    if (water_level &gt; top) {
        if (object_Sonic.steps mod water_speed == 0) {
            water_level -= 32;
            if (y &gt; top) {y = water_level - 32;}
            if (water_level &lt; 2384) {
                water_left = 4688;
                water_right = 5408;
            } else {
                water_left = 4944;
                water_right = 5200;
            }
            var i;
            for (i = water_left; i &lt; water_right; i += 32) {
                instance_create(i, water_level, object_Water);
            }
            
        }
    }
} else if (falling) {
    if (water_level &lt;= ystart) {
        if (object_Sonic.steps mod water_speed == 0) {
         with (object_Water) {
                if (x &gt;= 4688 &amp;&amp; x &lt; 6096) {
                    if (y == other.water_level) {instance_destroy();}
                }
                if (other.water_level == 2704) {
                    if (x == 6032 || x == 6064) {instance_destroy();}
                } else if (other.water_level == 2736) {
                    if (x == 6000) {instance_destroy();}
                } else if (other.water_level == 2768) {
                    if (x == 5968) {instance_destroy();}
                }
            }
            water_level += 32;
            y = water_level - 32;
            if (y &lt; top) {y = top;}
        }
    }
}

edge[0].y = y;
edge[1].y = y;
edge[2].y = y;
edge[3].y = y + 32;
edge[4].y = y;
edge[5].y = y + 32;
edge[6].y = y + 64;

// Crush Sonic between block and roof
if (y == top) {
    with (edge[0]) {
        if (place_meeting(x, y, object_Sonic)) {
            with (object_Sonic) {script_die();}
        }
    }
     with (edge[1]) {
        if (place_meeting(x, y, object_Sonic)) {
            with (object_Sonic) {script_die();}
        }
    }
}

// Crush Sonic between block and floor
if (y == ystart) {
    with (edge[6]) {
        if (place_meeting(x, y, object_Sonic)) {
            with (object_Sonic) {script_die();}
        }
    }
}
</argument>
      </arguments>
    </action>
  </actions>
</event>
