<?xml version="1.0" encoding="UTF-8" standalone="no"?>
<event category="CREATE" id="0">
  <actions>
    <action id="603" library="1">
      <!--action name: Code-->
      <kind>CODE</kind>
      <allowRelative>false</allowRelative>
      <question>false</question>
      <canApplyTo>true</canApplyTo>
      <actionType>CODE</actionType>
      <functionName/>
      <relative>false</relative>
      <not>false</not>
      <appliesTo>.self</appliesTo>
      <arguments>
        <argument kind="STRING">var swing_speed;
if (reverse) {
    swing_speed = -5;
} else {
    swing_speed = 5;
}

var i;
for(i = 0; i &lt; 3; i += 1) {
    platform[i] = instance_create((x + (i * 32)) - 48, y, object_Platform);
    with (platform[i]) {path_start(path_swing, swing_speed, 3, false);}
}

path_start(path_swing, swing_speed, 3, false);</argument>
      </arguments>
    </action>
  </actions>
</event>
