<?xml version="1.0" encoding="UTF-8" standalone="no"?>
<event category="DRAW" id="0">
  <actions>
    <action id="603" library="1">
      <!--action name: Code-->
      <kind>CODE</kind>
      <allowRelative>false</allowRelative>
      <question>false</question>
      <canApplyTo>true</canApplyTo>
      <actionType>CODE</actionType>
      <functionName/>
      <relative>false</relative>
      <not>false</not>
      <appliesTo>.self</appliesTo>
      <arguments>
        <argument kind="STRING">var i chain_x chain_y chain_origin_x chain_origin_y;

chain_origin_x = xstart + 176;
chain_origin_y = ystart - 96;

chain_x[0] = x;
chain_x[1] = mean(x, x, x, x, x, x, chain_origin_x);
chain_x[2] = mean(x, x, x, x, x, chain_origin_x, chain_origin_x);
chain_x[3] = mean(x, x, x, x, chain_origin_x, chain_origin_x, chain_origin_x);
chain_x[4] = mean(x, x, x, chain_origin_x, chain_origin_x, chain_origin_x, chain_origin_x);
chain_x[5] = mean(x, x, chain_origin_x, chain_origin_x, chain_origin_x, chain_origin_x, chain_origin_x);
chain_x[6] = mean(x, chain_origin_x, chain_origin_x, chain_origin_x, chain_origin_x, chain_origin_x, chain_origin_x);
chain_x[7] = chain_origin_x;

chain_y[0] = y;
chain_y[1] = mean(y, y, y, y, y, y, chain_origin_y);
chain_y[2] = mean(y, y, y, y, y, chain_origin_y, chain_origin_y);
chain_y[3] = mean(y, y, y, y, chain_origin_y, chain_origin_y, chain_origin_y);
chain_y[4] = mean(y, y, y, chain_origin_y, chain_origin_y, chain_origin_y, chain_origin_y);
chain_y[5] = mean(y, y, chain_origin_y, chain_origin_y, chain_origin_y, chain_origin_y, chain_origin_y);
chain_y[6] = mean(y, chain_origin_y, chain_origin_y, chain_origin_y, chain_origin_y, chain_origin_y, chain_origin_y);
chain_y[7] = chain_origin_y;

// draw chain
for (i = 0; i &lt; 8; i += 1) {
    draw_circle_color(chain_x[i], chain_y[i], 16, c_black, c_black, true);
} 


// draw platform
draw_sprite(sprite_stones_32x32, 0, x - 48, y);
draw_sprite(sprite_stones_32x32, 0, x - 16, y);
draw_sprite(sprite_stones_32x32, 0, x + 16, y);
</argument>
      </arguments>
    </action>
  </actions>
</event>
