<?xml version="1.0" encoding="UTF-8" standalone="no"?>
<resources>
  <resource name="object_Start_Control" type="RESOURCE"/>
  <resource name="object_Sonic" type="RESOURCE"/>
  <resource name="object_Platform" type="RESOURCE"/>
  <resource name="object_Top" type="RESOURCE"/>
  <resource name="object_Wall" type="RESOURCE"/>
  <resource name="object_Wall_256" type="RESOURCE"/>
  <resource name="object_Wall_No_Mask" type="RESOURCE"/>
  <resource name="object_Wall_Right" type="RESOURCE"/>
  <resource name="object_Wall_Left" type="RESOURCE"/>
  <resource name="object_View" type="RESOURCE"/>
  <resource name="object_UI" type="RESOURCE"/>
  <resource name="object_Credits_Control" type="RESOURCE"/>
  <resource name="object_Ring" type="RESOURCE"/>
  <resource name="object_Ring_Got" type="RESOURCE"/>
  <resource name="object_Danger" type="RESOURCE"/>
  <resource filename="Decoration" name="Decoration " type="GROUP"/>
  <resource name="TVs" type="GROUP"/>
  <resource name="Materials" type="GROUP"/>
  <resource name="Tunnels" type="GROUP"/>
  <resource name="Mobs" type="GROUP"/>
  <resource name="Conveyer" type="GROUP"/>
  <resource name="object_Spring" type="RESOURCE"/>
  <resource name="object_Ladder" type="RESOURCE"/>
  <resource name="object_Spikes" type="RESOURCE"/>
  <resource name="object_Spikes_Upsidedown" type="RESOURCE"/>
  <resource name="object_Spikes_Left" type="RESOURCE"/>
  <resource name="object_Spikes_Right" type="RESOURCE"/>
  <resource name="object_Spikes_Hidden" type="RESOURCE"/>
  <resource name="object_Lamp_Post" type="RESOURCE"/>
  <resource name="object_Lamp_Post_Got" type="RESOURCE"/>
  <resource name="object_Mob_Dead" type="RESOURCE"/>
  <resource name="object_Mob_Exploding" type="RESOURCE"/>
  <resource name="object_End_TV" type="RESOURCE"/>
  <resource name="object_End_TV_Got" type="RESOURCE"/>
  <resource name="object_Spring_Left" type="RESOURCE"/>
  <resource name="object_Spring_Right" type="RESOURCE"/>
  <resource name="object_Fire" type="RESOURCE"/>
  <resource name="object_Dr_Robonic" type="RESOURCE"/>
  <resource name="object_Exploding" type="RESOURCE"/>
  <resource name="object_Bubbles" type="RESOURCE"/>
  <resource name="object_Falling_Platform" type="RESOURCE"/>
  <resource name="object_Falling_Platform_Fallen" type="RESOURCE"/>
  <resource name="object_Destructible_Block" type="RESOURCE"/>
  <resource name="object_Destructible_Block_Destroyed" type="RESOURCE"/>
  <resource name="object_Boulder" type="RESOURCE"/>
  <resource name="object_Mini_Fire" type="RESOURCE"/>
  <resource name="object_Mini_Fire_Gone_Out" type="RESOURCE"/>
  <resource name="object_Lava_Boat" type="RESOURCE"/>
  <resource name="object_Lava_Boat_Left" type="RESOURCE"/>
  <resource name="object_Bow" type="RESOURCE"/>
  <resource name="object_Bow_Right" type="RESOURCE"/>
  <resource name="object_Arrow" type="RESOURCE"/>
  <resource name="object_Arrow_Right" type="RESOURCE"/>
  <resource name="object_Arrow_Down" type="RESOURCE"/>
  <resource name="object_Arrow_Hidden" type="RESOURCE"/>
  <resource name="object_Arrow_Up" type="RESOURCE"/>
  <resource name="object_Gate" type="RESOURCE"/>
  <resource name="object_Gate_Horizontal" type="RESOURCE"/>
  <resource name="object_Gate_Horizontal_Slide" type="RESOURCE"/>
  <resource name="object_Gate_Open" type="RESOURCE"/>
  <resource name="object_Gate_Open_Horizontal" type="RESOURCE"/>
  <resource name="object_Switch" type="RESOURCE"/>
  <resource name="object_Switch_Upsidedown" type="RESOURCE"/>
  <resource name="object_Big_Spike" type="RESOURCE"/>
  <resource name="object_Tilting_Platform" type="RESOURCE"/>
  <resource name="object_Movable_Block" type="RESOURCE"/>
  <resource name="object_Movable_Block_2" type="RESOURCE"/>
  <resource name="object_Spike_Ball" type="RESOURCE"/>
  <resource name="object_Rising_Platform" type="RESOURCE"/>
  <resource name="object_Rising_Platform_Volcanic" type="RESOURCE"/>
  <resource name="object_Star" type="RESOURCE"/>
  <resource name="object_Star_Hit" type="RESOURCE"/>
  <resource name="object_Rainbow" type="RESOURCE"/>
  <resource name="object_Cloud" type="RESOURCE"/>
  <resource name="object_Moving_Cloud" type="RESOURCE"/>
  <resource name="object_Ball" type="RESOURCE"/>
  <resource name="object_Car" type="RESOURCE"/>
  <resource name="object_Fuzz_Ball_Maker" type="RESOURCE"/>
  <resource name="object_Fuzz_Ball_Left" type="RESOURCE"/>
  <resource name="object_Fuzz_Ball_Right" type="RESOURCE"/>
  <resource name="object_Saw" type="RESOURCE"/>
  <resource name="object_Sawblade" type="RESOURCE"/>
  <resource name="object_Lightning" type="RESOURCE"/>
  <resource name="object_Lightning_Gone" type="RESOURCE"/>
  <resource name="object_Half_Height_Block" type="RESOURCE"/>
  <resource name="object_Swing" type="RESOURCE"/>
  <resource name="object_Spring_Woosh" type="RESOURCE"/>
  <resource name="object_Spring_Woosh_Base" type="RESOURCE"/>
  <resource name="object_Moving_Platform" type="RESOURCE"/>
  <resource name="object_Chain_Platform" type="RESOURCE"/>
  <resource name="object_Pinball" type="RESOURCE"/>
  <resource name="object_Pinball_Spawn" type="RESOURCE"/>
  <resource name="object_Volcanic_Act2_Ldder_Wall" type="RESOURCE"/>
  <resource name="object_Platform_Rising_Lava" type="RESOURCE"/>
  <resource name="object_Crushing_Block" type="RESOURCE"/>
  <resource name="object_Crushing_Block_Rainbow" type="RESOURCE"/>
  <resource name="object_Floating_Block" type="RESOURCE"/>
  <resource name="object_Floating_Block_Seabed" type="RESOURCE"/>
  <resource name="object_Wooden_Platform" type="RESOURCE"/>
  <resource name="object_Platform_Spike_Left" type="RESOURCE"/>
  <resource name="object_Platform_Spike_Right" type="RESOURCE"/>
  <resource name="object_Rotating_Platform" type="RESOURCE"/>
  <resource name="object_Spining_Platform" type="RESOURCE"/>
  <resource name="object_Spining_Platform_Rainbow" type="RESOURCE"/>
  <resource name="object_Balloon" type="RESOURCE"/>
  <resource name="object_Balloon_Right" type="RESOURCE"/>
  <resource name="object_Rainbow_Block" type="RESOURCE"/>
  <resource name="object_Moving_Platform_Rainbow" type="RESOURCE"/>
  <resource name="object_Rotating_Platform_Future" type="RESOURCE"/>
  <resource name="object_Spinning_Platform_Future" type="RESOURCE"/>
  <resource name="object_Spinning_Platform_Wire_Future_Act1" type="RESOURCE"/>
  <resource name="object_Spinning_Platform_Wire_Future_Act2_1" type="RESOURCE"/>
  <resource name="object_Spinning_Platform_Wire_Future_Act2_2" type="RESOURCE"/>
  <resource name="object_Rising_Platform_Future" type="RESOURCE"/>
  <resource name="object_Weighted_Platform" type="RESOURCE"/>
  <resource name="object_Weighted_Block" type="RESOURCE"/>
</resources>
