<?xml version="1.0" encoding="UTF-8" standalone="no"?>
<event category="DRAW" id="0">
  <actions>
    <action id="603" library="1">
      <!--action name: Code-->
      <kind>CODE</kind>
      <allowRelative>false</allowRelative>
      <question>false</question>
      <canApplyTo>true</canApplyTo>
      <actionType>CODE</actionType>
      <functionName/>
      <relative>false</relative>
      <not>false</not>
      <appliesTo>.self</appliesTo>
      <arguments>
        <argument kind="STRING">if (object_Sonic.boss_hitting) {
    draw_sprite(sprite_dr_robonic_hitting, 0, x, y);
} else {
    draw_sprite(sprite_dr_robonic, 0, x, y);
}
if (object_Sonic.boss_hit &gt; 0) {
    if (object_Sonic.boss_hit &lt; 2) {
        draw_sprite(sprite_dr_robonic_hit1, 0, x, y);
    } else if (object_Sonic.boss_hit &lt; 3) {
        draw_sprite(sprite_dr_robonic_hit2, 0, x, y);
    } else if (object_Sonic.boss_hit &lt; 4) {
        draw_sprite(sprite_dr_robonic_hit3, 0, x, y);
    } else if (object_Sonic.boss_hit &lt; 5) {
        draw_sprite(sprite_dr_robonic_hit4, 0, x, y);
    } else if (object_Sonic.boss_hit &lt; 6) {
        draw_sprite(sprite_dr_robonic_hit5, 0, x, y);
    } else if (object_Sonic.boss_hit &lt; 7) {
        draw_sprite(sprite_dr_robonic_hit6, 0, x, y);
    } else {
        draw_sprite(sprite_dr_robonic_hit7, 0, x, y);
    } 
}</argument>
      </arguments>
    </action>
  </actions>
</event>
