<?xml version="1.0" encoding="UTF-8" standalone="no"?>
<event category="STEP" id="0">
  <actions>
    <action id="603" library="1">
      <!--action name: Code-->
      <kind>CODE</kind>
      <allowRelative>false</allowRelative>
      <question>false</question>
      <canApplyTo>true</canApplyTo>
      <actionType>CODE</actionType>
      <functionName/>
      <relative>false</relative>
      <not>false</not>
      <appliesTo>.self</appliesTo>
      <arguments>
        <argument kind="STRING">if (object_Sonic.zone == 1) {
    if (x &lt; 21152) {
        hspeed = 10;
    } else if (x &gt; 21696) {
        hspeed = -10;
    }
} else if (object_Sonic.zone == 3) {
    if (x &lt; 21312) {
        hspeed = 10;
    } else if (x &gt; 22224) {
        hspeed = -10;
    }
} else if (object_Sonic.zone == 4) {
    if (x &lt; 19856	) {
        hspeed = 10;
    } else if (x &gt; 20592) {
        hspeed = -10;
    }
} else if (object_Sonic.zone == 6) {
    steps += 1;
    if (steps mod 90 == 0) {
        fire_dir += 1;
        if (fire_dir &gt;= 4) {fire_dir = 0;}
    }
    if (steps mod 15 == 0) {
        if (fire_dir == 0 || fire_dir == 3) {
            instance_create(29200, 864, object_Ball);
        } else if (fire_dir == 1) {
            instance_create(29088, 800, object_Ball);
        } else if (fire_dir == 2) {
            instance_create(29312, 800, object_Ball);
        }
    }
} else if (object_Sonic.zone == 7) {
    if (x &lt; 24064) {
        hspeed = 10;
    } else if (x &gt; 24528) {
        hspeed = -10;
    }
}
if (object_Sonic.boss_hit &gt; 7) {
    object_Sonic.boss = false;
    object_Sonic.boss_hit = 0;
    object_Sonic.boss_hit_time = 0;
    hspeed = 0;
    sound_play(sound_mob_kill);
    if (object_Sonic.zone == 1) {
        object_Sonic.right_bound = 23792;
        object_Sonic.bottom_bound = room_height;
        object_Sonic.top_bound = 0;
        object_Sonic.boss_done_mystic_forest = true;
    } else if (object_Sonic.zone == 2) {
        object_Sonic.right_bound = 25968;
        object_Sonic.bottom_bound = room_height;
        object_Sonic.top_bound = 0;
        object_Sonic.boss_done_arctic = true;
    } else if (object_Sonic.zone == 3) {
        object_Sonic.right_bound = 23680;
        object_Sonic.bottom_bound = room_height;
        object_Sonic.top_bound = 0;
        object_Sonic.boss_done_volcanic = true;
        with (object_Mini_Fire) instance_destroy();
    } else if (object_Sonic.zone == 4) {
        object_Sonic.right_bound = 22160;
        object_Sonic.bottom_bound = room_height;
        object_Sonic.top_bound = 0;
        object_Sonic.boss_done_dungeon = true;
    } else if (object_Sonic.zone == 5) {
        object_Sonic.right_bound = 25504;
        object_Sonic.bottom_bound = room_height;
        object_Sonic.top_bound = 0;
        object_Sonic.boss_done_seabed = true;
        object_Sonic.drowning_timer = 0;
        with(object_Spike_Ball) instance_destroy();
        instance_create(23616, 3280, object_Rising_Platform);
    } else if (object_Sonic.zone == 6) {
        object_Sonic.right_bound = 32592;
        object_Sonic.bottom_bound = room_height;
        object_Sonic.top_bound = 0;
        object_Sonic.boss_done_rainbow = true
    }
    instance_change(object_Exploding, true);
}</argument>
      </arguments>
    </action>
  </actions>
</event>
