<?xml version="1.0" encoding="UTF-8" standalone="no"?>
<event category="STEP" id="0">
  <actions>
    <action id="603" library="1">
      <!--action name: Code-->
      <kind>CODE</kind>
      <allowRelative>false</allowRelative>
      <question>false</question>
      <canApplyTo>true</canApplyTo>
      <actionType>CODE</actionType>
      <functionName/>
      <relative>false</relative>
      <not>false</not>
      <appliesTo>.self</appliesTo>
      <arguments>
        <argument kind="STRING">if (y &gt;= ystart + 192) {
    vspeed = -4;
} else if (y &lt;= ystart &amp;&amp; vspeed &lt; 0) {
    vspeed = 4;
}

var i;
for(i = 0; i &lt; 9; i += 1) {
    edge[i].vspeed = vspeed;
}

if (has_spikes) {
    spikes.vspeed = vspeed;
}

// Crush Sonic between the blocks
if (place_meeting(x, y, object_Sonic)) {
    with (object_Sonic) {
        if (place_meeting(x, y, object_Platform) &amp;&amp; place_meeting(x, y, object_Top)) {
            script_die();
        }
    }
}</argument>
      </arguments>
    </action>
  </actions>
</event>
