<?xml version="1.0" encoding="UTF-8" standalone="no"?>
<event category="CREATE" id="0">
  <actions>
    <action id="603" library="1">
      <!--action name: Code-->
      <kind>CODE</kind>
      <allowRelative>false</allowRelative>
      <question>false</question>
      <canApplyTo>true</canApplyTo>
      <actionType>CODE</actionType>
      <functionName/>
      <relative>false</relative>
      <not>false</not>
      <appliesTo>.self</appliesTo>
      <arguments>
        <argument kind="STRING">left_spike = instance_create(x - 32, y - 16, object_Platform_Spike_Left);
right_spike = instance_create(x + sprite_width, y - 16, object_Platform_Spike_Right);

var i;
for (i = 0; i &lt; 6; i += 1) {
    platform[i] = instance_create(x + (i * 32), y, object_Platform);
}

alarm[0] = delay + 1;</argument>
      </arguments>
    </action>
  </actions>
</event>
