<?xml version="1.0" encoding="UTF-8" standalone="no"?>
<event category="STEP" id="0">
  <actions>
    <action id="603" library="1">
      <!--action name: Code-->
      <kind>CODE</kind>
      <allowRelative>false</allowRelative>
      <question>false</question>
      <canApplyTo>true</canApplyTo>
      <actionType>CODE</actionType>
      <functionName/>
      <relative>false</relative>
      <not>false</not>
      <appliesTo>.self</appliesTo>
      <arguments>
        <argument kind="STRING">if (x &gt; xstart) {
    hspeed = -5;
} else if (x &lt; left) {
    hspeed = 5;
}

left_spike.hspeed = hspeed;
right_spike.hspeed = hspeed;

var i;
for (i = 0; i &lt; 6; i += 1) {
    platform[i].hspeed = hspeed;
}</argument>
      </arguments>
    </action>
  </actions>
</event>
