<?xml version="1.0" encoding="UTF-8" standalone="no"?>
<resources>
  <resource name="path_spike_ball" type="RESOURCE"/>
  <resource name="path_spike_ball_reverse" type="RESOURCE"/>
  <resource name="path_swing" type="RESOURCE"/>
  <resource name="path_rotating_platform" type="RESOURCE"/>
  <resource name="path_rotating_platform_rainbow" type="RESOURCE"/>
  <resource name="path_rotating_platform_future_act1" type="RESOURCE"/>
  <resource name="path_rotating_platform_future_act2_1" type="RESOURCE"/>
  <resource name="path_rotating_platform_future_act2_2" type="RESOURCE"/>
  <resource name="path_rotating_platform_future_act2_3" type="RESOURCE"/>
  <resource name="Tunnels" type="GROUP"/>
  <resource name="Lava Boat Paths" type="GROUP"/>
  <resource name="Pinballs" type="GROUP"/>
</resources>
