<?xml version="1.0" encoding="UTF-8" standalone="no"?>
<path>
  <points>
    <point speed="100" x="5584" y="352"/>
    <point speed="100" x="5584" y="192"/>
    <point speed="100" x="5712" y="192"/>
    <point speed="100" x="5712" y="352"/>
    <point speed="100" x="5712" y="848"/>
    <point speed="100" x="5712" y="976"/>
    <point speed="100" x="5584" y="976"/>
    <point speed="100" x="5584" y="848"/>
  </points>
  <backgroundRoom>room_future_act1</backgroundRoom>
  <closed>true</closed>
  <precision>8</precision>
  <smooth>true</smooth>
  <snap x="16" y="16"/>
</path>
