<?xml version="1.0" encoding="UTF-8" standalone="no"?>
<path>
  <points>
    <point speed="100" x="12384" y="192"/>
    <point speed="100" x="12384" y="32"/>
    <point speed="100" x="12512" y="32"/>
    <point speed="100" x="12512" y="192"/>
    <point speed="100" x="12512" y="688"/>
    <point speed="100" x="12512" y="816"/>
    <point speed="100" x="12384" y="816"/>
    <point speed="100" x="12384" y="688"/>
  </points>
  <backgroundRoom>room_future_act2</backgroundRoom>
  <closed>true</closed>
  <precision>8</precision>
  <smooth>true</smooth>
  <snap x="16" y="16"/>
</path>
