<?xml version="1.0" encoding="UTF-8" standalone="no"?>
<path>
  <points>
    <point speed="100" x="11120" y="704"/>
    <point speed="100" x="11248" y="704"/>
    <point speed="100" x="11360" y="704"/>
    <point speed="100" x="11360" y="864"/>
    <point speed="100" x="11248" y="864"/>
    <point speed="100" x="11120" y="864"/>
    <point speed="100" x="11024" y="864"/>
    <point speed="100" x="11024" y="704"/>
  </points>
  <backgroundRoom>room_future_act2</backgroundRoom>
  <closed>true</closed>
  <precision>8</precision>
  <smooth>true</smooth>
  <snap x="16" y="16"/>
</path>
