<?xml version="1.0" encoding="UTF-8" standalone="no"?>
<path>
  <points>
    <point speed="100" x="10784" y="720"/>
    <point speed="100" x="10880" y="752"/>
    <point speed="100" x="10864" y="864"/>
    <point speed="100" x="10544" y="1024"/>
    <point speed="100" x="10464" y="992"/>
    <point speed="100" x="10464" y="880"/>
  </points>
  <backgroundRoom>room_future_act2</backgroundRoom>
  <closed>true</closed>
  <precision>8</precision>
  <smooth>true</smooth>
  <snap x="16" y="16"/>
</path>
