<?xml version="1.0" encoding="UTF-8" standalone="no"?>
<event category="CREATE" id="0">
  <actions>
    <action id="603" library="1">
      <!--action name: Code-->
      <kind>CODE</kind>
      <allowRelative>false</allowRelative>
      <question>false</question>
      <canApplyTo>true</canApplyTo>
      <actionType>CODE</actionType>
      <functionName/>
      <relative>false</relative>
      <not>false</not>
      <appliesTo>.self</appliesTo>
      <arguments>
        <argument kind="STRING">var i;
for (i = 0; i &lt; 4; i += 1) {
    var j;
    for (j = 0; j &lt; 2; j += 1) {
        wall[i + (j * 4)] = instance_create(x + (j * 96), y + (i * 32), object_Wall);
    }
}</argument>
      </arguments>
    </action>
  </actions>
</event>
