<?xml version="1.0" encoding="UTF-8" standalone="no"?>
<event category="STEP" id="0">
  <actions>
    <action id="603" library="1">
      <!--action name: Code-->
      <kind>CODE</kind>
      <allowRelative>false</allowRelative>
      <question>false</question>
      <canApplyTo>true</canApplyTo>
      <actionType>CODE</actionType>
      <functionName/>
      <relative>false</relative>
      <not>false</not>
      <appliesTo>.self</appliesTo>
      <arguments>
        <argument kind="STRING">if (object_Sonic.y &lt; 2000) {
    var i;
    for (i = 0; i &lt; 8; i += 1) {
        with (wall[i]) {instance_destroy();}
    }
    wall_gone = true;
}

if (object_Sonic.dead &amp;&amp; wall_gone) {
    instance_create(x, y, object_Volcanic_Act2_Ldder_Wall);
    instance_destroy();
}</argument>
      </arguments>
    </action>
  </actions>
</event>
