<?xml version="1.0" encoding="UTF-8" standalone="no"?>
<event category="STEP" id="0">
  <actions>
    <action id="603" library="1">
      <!--action name: Code-->
      <kind>CODE</kind>
      <allowRelative>false</allowRelative>
      <question>false</question>
      <canApplyTo>true</canApplyTo>
      <actionType>CODE</actionType>
      <functionName/>
      <relative>false</relative>
      <not>false</not>
      <appliesTo>.self</appliesTo>
      <arguments>
        <argument kind="STRING">if ((x &lt;= xstart - sprite_width &amp;&amp; hspeed &lt; 0) || (x &gt;= xstart &amp;&amp; hspeed &gt; 0)) {hspeed = 0;}</argument>
      </arguments>
    </action>
  </actions>
</event>
