<?xml version="1.0" encoding="UTF-8" standalone="no"?>
<event category="ALARM" id="0">
  <actions>
    <action id="603" library="1">
      <!--action name: Code-->
      <kind>CODE</kind>
      <allowRelative>false</allowRelative>
      <question>false</question>
      <canApplyTo>true</canApplyTo>
      <actionType>CODE</actionType>
      <functionName/>
      <relative>false</relative>
      <not>false</not>
      <appliesTo>.self</appliesTo>
      <arguments>
        <argument kind="STRING">if (!object_Sonic.fall_sound_playing) {
    sound_play(sound_boss_hit);
    object_Sonic.fall_sound_playing = true;
    object_Sonic.alarm[0] = 20;
}
instance_change(object_Falling_Platform_Fallen, true);</argument>
      </arguments>
    </action>
  </actions>
</event>
