<?xml version="1.0" encoding="UTF-8" standalone="no"?>
<event category="STEP" id="0">
  <actions>
    <action id="603" library="1">
      <!--action name: Code-->
      <kind>CODE</kind>
      <allowRelative>false</allowRelative>
      <question>false</question>
      <canApplyTo>true</canApplyTo>
      <actionType>CODE</actionType>
      <functionName/>
      <relative>false</relative>
      <not>false</not>
      <appliesTo>.self</appliesTo>
      <arguments>
        <argument kind="STRING">if (right != 0) {
    if (x &lt;= xstart) {
        hspeed = 5;
    } else if (x &gt;= right) {
        hspeed = -5;
        if (place_meeting(x, y + 32, object_Sonic)) {
            with (object_Moving_Platform_Rainbow) {
                if (left != 0) {
                    if (place_meeting(x, y + 32, object_Sonic)) {
                        with (object_Sonic) {script_die();}
                    }
                }
            }
        }
    }
} else if (left != 0) {
    if (x &gt;= xstart) {
        hspeed = -5;
    } else if (x &lt;= left) {
        hspeed = 5
    }
}

var i;
for (i = 0; i &lt; 10; i += 1) {
    edge[i].hspeed = hspeed;
}
</argument>
      </arguments>
    </action>
  </actions>
</event>
