<?xml version="1.0" encoding="UTF-8" standalone="no"?>
<event category="ALARM" id="0">
  <actions>
    <action id="603" library="1">
      <!--action name: Code-->
      <kind>CODE</kind>
      <allowRelative>false</allowRelative>
      <question>false</question>
      <canApplyTo>true</canApplyTo>
      <actionType>CODE</actionType>
      <functionName/>
      <relative>false</relative>
      <not>false</not>
      <appliesTo>.self</appliesTo>
      <arguments>
        <argument kind="STRING">if (x == 21152) {
    x = 21440;
    alarm[0] = 45;
} else if (x == 21440) {
    x = 21712;
    alarm[0] = 45;
} else if (x == 21712) {
    x = 22000;
    alarm[0] = 45;
} else if (x == 22000) {
    x = 22304;
    alarm[0] = 45;
} else if (x == 22304) {
    x = 21152;
    alarm[0] = 45;
} else {
    instance_change(object_Mini_Fire_Gone_Out, true);
}</argument>
      </arguments>
    </action>
  </actions>
</event>
