<?xml version="1.0" encoding="UTF-8" standalone="no"?>
<event category="CREATE" id="0">
  <actions>
    <action id="603" library="1">
      <!--action name: Code-->
      <kind>CODE</kind>
      <allowRelative>false</allowRelative>
      <question>false</question>
      <canApplyTo>true</canApplyTo>
      <actionType>CODE</actionType>
      <functionName/>
      <relative>false</relative>
      <not>false</not>
      <appliesTo>.self</appliesTo>
      <arguments>
        <argument kind="STRING">if (object_Sonic.time &gt; 0.5) {
    lost_ring = true;
    alarm[0] = 90;
    vspeed = 5 + floor(random(10));
    if (x &lt; object_Sonic.x) {
        hspeed = -5 - floor(random(10));
    } else {
        hspeed = 5 + floor(random(10));
    }
}</argument>
      </arguments>
    </action>
  </actions>
</event>
