<?xml version="1.0" encoding="UTF-8" standalone="no"?>
<event category="DRAW" id="0">
  <actions>
    <action id="603" library="1">
      <!--action name: Code-->
      <kind>CODE</kind>
      <allowRelative>false</allowRelative>
      <question>false</question>
      <canApplyTo>true</canApplyTo>
      <actionType>CODE</actionType>
      <functionName/>
      <relative>false</relative>
      <not>false</not>
      <appliesTo>.self</appliesTo>
      <arguments>
        <argument kind="STRING">var top;
var draw_y;
draw_y = y;
var lava_level;
lava_level = object_Sonic.lava_level + 32;

if (lava_level == 0 || lava_level &gt;= y + sprite_height) {
    top = sprite_height;
} else if (lava_level &lt; y) {
    top = 0;
} else {
    top = lava_level - y;
    draw_y = lava_level;
}


draw_sprite(sprite_lava_basin, 0, x, y);
draw_sprite_part(sprite_lava_basin_filled, 0, 0, top, sprite_width, sprite_height, x, draw_y)</argument>
      </arguments>
    </action>
  </actions>
</event>
