<?xml version="1.0" encoding="UTF-8" standalone="no"?>
<event category="DRAW" id="0">
  <actions>
    <action id="603" library="1">
      <!--action name: Code-->
      <kind>CODE</kind>
      <allowRelative>false</allowRelative>
      <question>false</question>
      <canApplyTo>true</canApplyTo>
      <actionType>CODE</actionType>
      <functionName/>
      <relative>false</relative>
      <not>false</not>
      <appliesTo>.self</appliesTo>
      <arguments>
        <argument kind="STRING">if (object_Sonic.woosh &gt;= 32 &amp;&amp; place_meeting(x, y, object_Sonic)) {
    draw_sprite(sprite_spring_woosh_base_bottom, 0, x, y);
} else {
    draw_sprite(sprite_spring_woosh_base_full, 0, x, y);
}</argument>
      </arguments>
    </action>
  </actions>
</event>
