<?xml version="1.0" encoding="UTF-8" standalone="no"?>
<resources>
  <resource name="sound_boss" type="RESOURCE"/>
  <resource name="sound_dom" type="RESOURCE"/>
  <resource name="sound_drowning_timer" type="RESOURCE"/>
  <resource name="sound_drown" type="RESOURCE"/>
  <resource name="sound_extra_life" type="RESOURCE"/>
  <resource name="sound_game_over" type="RESOURCE"/>
  <resource name="sound_level_complete" type="RESOURCE"/>
  <resource name="sound_score_add" type="RESOURCE"/>
  <resource name="sound_super_sonic" type="RESOURCE"/>
  <resource name="sound_welcome" type="RESOURCE"/>
</resources>
