<?xml version="1.0" encoding="UTF-8" standalone="no"?>
<event category="STEP" id="2">
  <actions>
    <action id="603" library="1">
      <!--action name: Code-->
      <kind>CODE</kind>
      <allowRelative>false</allowRelative>
      <question>false</question>
      <canApplyTo>true</canApplyTo>
      <actionType>CODE</actionType>
      <functionName/>
      <relative>false</relative>
      <not>false</not>
      <appliesTo>.self</appliesTo>
      <arguments>
        <argument kind="STRING">with (object_Sonic) {
    if (!place_meeting(x, y, object_Wall)) {
        with(other) {script_stay_on_platform();}
    }
}</argument>
      </arguments>
    </action>
  </actions>
</event>
