<?xml version="1.0" encoding="UTF-8" standalone="no"?>
<event category="STEP" id="0">
  <actions>
    <action id="603" library="1">
      <!--action name: Code-->
      <kind>CODE</kind>
      <allowRelative>false</allowRelative>
      <question>false</question>
      <canApplyTo>true</canApplyTo>
      <actionType>CODE</actionType>
      <functionName/>
      <relative>false</relative>
      <not>false</not>
      <appliesTo>.self</appliesTo>
      <arguments>
        <argument kind="STRING">if (place_meeting(x, y - 4, object_Sonic)) {
    if (path_index == -1 &amp;&amp; (x == xstart || (boat_path == 6 &amp;&amp; x &lt; 18144))) {
        switch (boat_path) {
            case 1: path_start(path_lava_boat1, 4, 0, true); break;
            case 2: path_start(path_lava_boat2, 4, 0, true); break;
            case 3: path_start(path_lava_boat3, 4, 0, true); break;
            case 4: path_start(path_lava_boat4, 4, 0, true); break;
            case 5: path_start(path_lava_boat5, 4, 0, true); break;
            case 6: path_start(path_lava_boat6, 4, 0, true); break;
        }
    }
}

var i;
for (i = 0; i &lt; 2; i += 1) {
    platform[i].x = x + (i * 32);
    platform[i].y = y;
}</argument>
      </arguments>
    </action>
  </actions>
</event>
