<?xml version="1.0" encoding="UTF-8" standalone="no"?>
<event category="STEP" id="0">
  <actions>
    <action id="603" library="1">
      <!--action name: Code-->
      <kind>CODE</kind>
      <allowRelative>false</allowRelative>
      <question>false</question>
      <canApplyTo>true</canApplyTo>
      <actionType>CODE</actionType>
      <functionName/>
      <relative>false</relative>
      <not>false</not>
      <appliesTo>.self</appliesTo>
      <arguments>
        <argument kind="STRING">if (object_Sonic.steps mod 80 == 0) {
    instance_create(x + 64, y + 96, object_Fuzz_Ball_Left);
    instance_create(x + 176, y + 96, object_Fuzz_Ball_Right);
}</argument>
      </arguments>
    </action>
  </actions>
</event>
