<?xml version="1.0" encoding="UTF-8" standalone="no"?>
<event category="STEP" id="0">
  <actions>
    <action id="603" library="1">
      <!--action name: Code-->
      <kind>CODE</kind>
      <allowRelative>false</allowRelative>
      <question>false</question>
      <canApplyTo>true</canApplyTo>
      <actionType>CODE</actionType>
      <functionName/>
      <relative>false</relative>
      <not>false</not>
      <appliesTo>.self</appliesTo>
      <arguments>
        <argument kind="STRING">if (!place_meeting(x, y, object_Platform)) {y += 1;}
if (!place_meeting(x, y + 1, object_Platform)) {y += 2;}
if (moving &amp;&amp; place_meeting(x, y + 1, object_Platform)) {
    x += 3;
    /*if (place_meeting(x, y - 2, object_Sonic))*/ {object_Sonic.x += 3;}
}
if (y &gt; room_height + sprite_height) {instance_destroy();}</argument>
      </arguments>
    </action>
  </actions>
</event>
