<?xml version="1.0" encoding="UTF-8" standalone="no"?>
<event category="CREATE" id="0">
  <actions>
    <action id="603" library="1">
      <!--action name: Code-->
      <kind>CODE</kind>
      <allowRelative>false</allowRelative>
      <question>false</question>
      <canApplyTo>true</canApplyTo>
      <actionType>CODE</actionType>
      <functionName/>
      <relative>false</relative>
      <not>false</not>
      <appliesTo>.self</appliesTo>
      <arguments>
        <argument kind="STRING">if (object_Sonic.zone == 3 &amp;&amp; object_Sonic.act == 2) {
    if (y &gt; 3400) {
        path_start(path_pinball_volcanic_act2_1, 6, 0, true);
    } else {
        path_start(path_pinball_volcanic_act2_2, 6, 0, true);
    }
} else if (object_Sonic.zone == 3 &amp;&amp; object_Sonic.act == 3) {
    path_start(path_pinball_volcanic_act3, 10, 0, true);
} </argument>
      </arguments>
    </action>
  </actions>
</event>
