<?xml version="1.0" encoding="UTF-8" standalone="no"?>
<path>
  <points>
    <point speed="100" x="5344" y="2032"/>
    <point speed="100" x="5408" y="2048"/>
    <point speed="100" x="5424" y="2112"/>
    <point speed="100" x="5424" y="2176"/>
    <point speed="100" x="5408" y="2224"/>
    <point speed="100" x="5360" y="2240"/>
    <point speed="100" x="5264" y="2240"/>
    <point speed="100" x="4640" y="2240"/>
    <point speed="100" x="4544" y="2240"/>
    <point speed="100" x="4480" y="2304"/>
    <point speed="100" x="4480" y="2352"/>
    <point speed="100" x="4480" y="2400"/>
    <point speed="100" x="4528" y="2464"/>
    <point speed="100" x="4640" y="2464"/>
    <point speed="100" x="4688" y="2464"/>
    <point speed="100" x="5216" y="2464"/>
    <point speed="100" x="5312" y="2464"/>
    <point speed="100" x="5408" y="2496"/>
    <point speed="100" x="5424" y="2592"/>
    <point speed="100" x="5408" y="2640"/>
    <point speed="100" x="5360" y="2672"/>
    <point speed="100" x="5328" y="2688"/>
    <point speed="100" x="5280" y="2688"/>
    <point speed="100" x="4560" y="2688"/>
    <point speed="100" x="4512" y="2688"/>
    <point speed="100" x="4464" y="2768"/>
    <point speed="100" x="4496" y="2880"/>
    <point speed="100" x="4624" y="2896"/>
    <point speed="100" x="4720" y="2896"/>
    <point speed="100" x="5632" y="2896"/>
  </points>
  <backgroundRoom>room_mystic_forest_act1</backgroundRoom>
  <closed>false</closed>
  <precision>4</precision>
  <smooth>true</smooth>
  <snap x="16" y="16"/>
</path>
