<?xml version="1.0" encoding="UTF-8" standalone="no"?>
<resources>
  <resource name="room_start" type="RESOURCE"/>
  <resource name="room_mystic_forest_act1" type="RESOURCE"/>
  <resource name="room_mystic_forest_act2" type="RESOURCE"/>
  <resource name="room_mystic_forest_act3" type="RESOURCE"/>
  <resource name="room_arctic_act1" type="RESOURCE"/>
  <resource name="room_arctic_act2" type="RESOURCE"/>
  <resource name="room_arctic_act3" type="RESOURCE"/>
  <resource name="room_volcanic_act1" type="RESOURCE"/>
  <resource name="room_volcanic_act2" type="RESOURCE"/>
  <resource name="room_volcanic_act3" type="RESOURCE"/>
  <resource name="room_dungeon_act1" type="RESOURCE"/>
  <resource name="room_dungeon_act2" type="RESOURCE"/>
  <resource name="room_dungeon_act3" type="RESOURCE"/>
  <resource name="room_seabed_act1" type="RESOURCE"/>
  <resource name="room_seabed_act2" type="RESOURCE"/>
  <resource name="room_seabed_act3" type="RESOURCE"/>
  <resource name="room_rainbow_act1" type="RESOURCE"/>
  <resource name="room_rainbow_act2" type="RESOURCE"/>
  <resource name="room_rainbow_act3" type="RESOURCE"/>
  <resource name="room_future_act1" type="RESOURCE"/>
  <resource name="room_future_act2" type="RESOURCE"/>
  <resource name="room_future_act3" type="RESOURCE"/>
  <resource name="room_credits" type="RESOURCE"/>
</resources>
