<?xml version="1.0" encoding="UTF-8" standalone="no"?>
<event category="STEP" id="0">
  <actions>
    <action id="603" library="1">
      <!--action name: Code-->
      <kind>CODE</kind>
      <allowRelative>false</allowRelative>
      <question>false</question>
      <canApplyTo>true</canApplyTo>
      <actionType>CODE</actionType>
      <functionName/>
      <relative>false</relative>
      <not>false</not>
      <appliesTo>.self</appliesTo>
      <arguments>
        <argument kind="STRING">if (place_meeting(x, y - 33, object_Water)) {
    if (!place_meeting(x, y, object_Spikes) &amp;&amp; place_meeting(x, y, object_Water)) {
        y -= 32;
    }    
}

if (!place_meeting(x, y, object_Water)) {
    y += 32;
}

edge[0].y = y;
edge[1].y = y;
edge[2].y = y;
edge[3].y = y + 32;
edge[4].y = y;
edge[5].y = y + 32;
edge[6].y = y + 64;

/*
if (y == top) {
    with (edge[0]) {
        if (place_meeting(x, y, object_Sonic)) {
            with (object_Sonic) {script_die();}
        }
    }
     with (edge[1]) {
        if (place_meeting(x, y, object_Sonic)) {
            with (object_Sonic) {script_die();}
        }
    }
}
*/</argument>
      </arguments>
    </action>
  </actions>
</event>
