<?xml version="1.0" encoding="UTF-8" standalone="no"?>
<event category="STEP" id="0">
  <actions>
    <action id="603" library="1">
      <!--action name: Code-->
      <kind>CODE</kind>
      <allowRelative>false</allowRelative>
      <question>false</question>
      <canApplyTo>true</canApplyTo>
      <actionType>CODE</actionType>
      <functionName/>
      <relative>false</relative>
      <not>false</not>
      <appliesTo>.self</appliesTo>
      <arguments>
        <argument kind="STRING">if (y &gt; 1776) {
    if (place_meeting(x, y - 2, object_Sonic)) {
        vspeed = -5;
        object_Sonic.left_bound = 23684;
        object_Sonic.vspeed = -5;
    }
} else if (y &lt; 1776) {
    vspeed = 0;
    y = 1776;
}</argument>
      </arguments>
    </action>
  </actions>
</event>
