<?xml version="1.0" encoding="UTF-8" standalone="no"?>
<event category="COLLISION" with="object_Weighted_Platform">
  <actions>
    <action id="603" library="1">
      <!--action name: Code-->
      <kind>CODE</kind>
      <allowRelative>false</allowRelative>
      <question>false</question>
      <canApplyTo>true</canApplyTo>
      <actionType>CODE</actionType>
      <functionName/>
      <relative>false</relative>
      <not>false</not>
      <appliesTo>.self</appliesTo>
      <arguments>
        <argument kind="STRING">if (bouncing) {
    if (x &lt; x_start - 64) {
        bouncing = false;
        vspeed = 0;
        y = ystart;
        x_start = x;
        with (object_Weighted_Platform) {
            if (place_meeting(x, y, other)) {
                if (object_Sonic.x &gt; x + 16 &amp;&amp; object_Sonic.x &lt; x + 96 &amp;&amp; object_Sonic.y &lt; y + 16 &amp;&amp; object_Sonic.y &gt; y - 64) {
                    object_Sonic.y -= 32;    
                    object_Sonic.vspeed = -30;
                    sound_play(sound_spring);
                }
                angle = 20;
                other.x = x - 48;   
            }   
        }
    }
} else if (bouncing_right) {
    if (x &gt; x_start + 64) {
        bouncing_right = false;
        vspeed = 0;
        y = ystart;
        x_start = x;
        with (object_Weighted_Platform) {
            if (place_meeting(x, y, other)) {
                if (object_Sonic.x &lt; x - 16 &amp;&amp; object_Sonic.x &gt; x - 96 &amp;&amp; object_Sonic.y &lt; y + 16 &amp;&amp; object_Sonic.y &gt; y - 64) {
                    object_Sonic.y -= 32; 
                    object_Sonic.vspeed = -30;
                    sound_play(sound_spring);
                }
                angle = -20;
                other.x = x + 48;
            }   
        }
    }
}


</argument>
      </arguments>
    </action>
  </actions>
</event>
