<?xml version="1.0" encoding="UTF-8" standalone="no"?>
<event category="STEP" id="0">
  <actions>
    <action id="603" library="1">
      <!--action name: Code-->
      <kind>CODE</kind>
      <allowRelative>false</allowRelative>
      <question>false</question>
      <canApplyTo>true</canApplyTo>
      <actionType>CODE</actionType>
      <functionName/>
      <relative>false</relative>
      <not>false</not>
      <appliesTo>.self</appliesTo>
      <arguments>
        <argument kind="STRING">if (bouncing) {
    vspeed += 1;
    if (x_start - x &lt; 96) {x -= 2;}
    if (angle &lt; 20) {angle += 1;}
} else if (bouncing_right) {
    vspeed += 1;
    if (x - x_start &lt; 96) {x += 2;}
    if (angle &gt; -20) {angle -= 1;}
}</argument>
      </arguments>
    </action>
  </actions>
</event>
