<?xml version="1.0" encoding="UTF-8" standalone="no"?>
<event category="DRAW" id="0">
  <actions>
    <action id="603" library="1">
      <!--action name: Code-->
      <kind>CODE</kind>
      <allowRelative>false</allowRelative>
      <question>false</question>
      <canApplyTo>true</canApplyTo>
      <actionType>CODE</actionType>
      <functionName/>
      <relative>false</relative>
      <not>false</not>
      <appliesTo>.self</appliesTo>
      <arguments>
        <argument kind="STRING">if (mob_id == 0){
    draw_sprite(sprite_sheep, 0, x, y); 
} else if (mob_id == 1){
    draw_sprite(sprite_bird, 0, x, y); 
} else if (mob_id == 2){
    draw_sprite(sprite_snake, 0, x, y); 
} else if (mob_id == 3){
    draw_sprite(sprite_shark, 0, x, y); 
} else if (mob_id == 4){
    draw_sprite(sprite_butterfly, 0, x, y); 
} else if (mob_id == 5){
    draw_sprite(sprite_rat, 0, x, y); 
} else if (mob_id == 6){
    draw_sprite(sprite_rat_right, 0, x, y); 
}</argument>
      </arguments>
    </action>
  </actions>
</event>
