<?xml version="1.0" encoding="UTF-8" standalone="no"?>
<event category="COLLISION" with="object_Sonic">
  <actions>
    <action id="603" library="1">
      <!--action name: Code-->
      <kind>CODE</kind>
      <allowRelative>false</allowRelative>
      <question>false</question>
      <canApplyTo>true</canApplyTo>
      <actionType>CODE</actionType>
      <functionName/>
      <relative>false</relative>
      <not>false</not>
      <appliesTo>.self</appliesTo>
      <arguments>
        <argument kind="STRING">hspeed = 5;
var i;
for (i = 0; i &lt; 3; i += 1) {
    platform[i].hspeed = 5;
}

if (object_Sonic.y &gt; y - 16) {object_Sonic.y = y - 16;}</argument>
      </arguments>
    </action>
  </actions>
</event>
