<?xml version="1.0" encoding="UTF-8" standalone="no"?>
<event category="COLLISION" with="object_Spikes_Left">
  <actions>
    <action id="603" library="1">
      <!--action name: Code-->
      <kind>CODE</kind>
      <allowRelative>false</allowRelative>
      <question>false</question>
      <canApplyTo>true</canApplyTo>
      <actionType>CODE</actionType>
      <functionName/>
      <relative>false</relative>
      <not>false</not>
      <appliesTo>.self</appliesTo>
      <arguments>
        <argument kind="STRING">x = xstart;
hspeed = 0;

var i;
for (i = 0; i &lt; 3; i += 1) {
    with (platform[i]) {
        hspeed = 0;
        x = xstart;
    }
}</argument>
      </arguments>
    </action>
  </actions>
</event>
