<?xml version="1.0" encoding="UTF-8" standalone="no"?>
<resources>
  <resource name="object_Conveyer" type="RESOURCE"/>
  <resource name="object_Conveyer_Cog" type="RESOURCE"/>
  <resource name="object_Conveyer_Slope_Up_Left" type="RESOURCE"/>
  <resource name="object_Conveyer_Slope_Up_Left_Underside" type="RESOURCE"/>
  <resource name="object_Conveyer_Slope_Up_Right" type="RESOURCE"/>
  <resource name="object_Conveyer_Slope_Up_Right_Underside" type="RESOURCE"/>
  <resource name="object_Conveyer_Right" type="RESOURCE"/>
  <resource name="object_Conveyer_Right_Underside" type="RESOURCE"/>
  <resource name="object_Conveyer_Left" type="RESOURCE"/>
  <resource name="object_Conveyer_Left_Underside" type="RESOURCE"/>
  <resource name="object_Conveyer_Slope_Left_Platform" type="RESOURCE"/>
  <resource name="object_Conveyer_Slope_Right_Platform" type="RESOURCE"/>
  <resource name="object_Conveyer_Slope_Up_Left_Underside_Wall" type="RESOURCE"/>
  <resource name="object_Conveyer_Slope_Up_Right_Underside_Wall" type="RESOURCE"/>
  <resource name="object_Conveyer_End_Left_Left" type="RESOURCE"/>
  <resource name="object_Conveyer_End_Left_Right" type="RESOURCE"/>
  <resource name="object_Conveyer_End_Right_Left" type="RESOURCE"/>
  <resource name="object_Conveyer_End_Right_Right" type="RESOURCE"/>
  <resource name="object_Conveyer_End_Top_Left" type="RESOURCE"/>
  <resource name="object_Conveyer_End_Bottom_Right" type="RESOURCE"/>
  <resource name="object_Conveyer_End_Top_Right" type="RESOURCE"/>
  <resource name="object_Conveyer_End_Bottom_Left" type="RESOURCE"/>
</resources>
