<?xml version="1.0" encoding="UTF-8" standalone="no"?>
<event category="ALARM" id="0">
  <actions>
    <action id="603" library="1">
      <!--action name: Code-->
      <kind>CODE</kind>
      <allowRelative>false</allowRelative>
      <question>false</question>
      <canApplyTo>true</canApplyTo>
      <actionType>CODE</actionType>
      <functionName/>
      <relative>false</relative>
      <not>false</not>
      <appliesTo>.self</appliesTo>
      <arguments>
        <argument kind="STRING">// Move edges
if (y == ystart) {
    y = ystart + 128;
    var i;
    for (i = 0; i &lt; 7; i += 1) {
        with (edge[i]) {y = ystart + 128;}
    }
} else {
    y = ystart;
    for (i = 0; i &lt; 7; i += 1) {
        with (edge[i]) {y = ystart;}
    }
}

// Crush Sonic
if ((place_meeting(x, y, object_Sonic) &amp;&amp; y != ystart) || (place_meeting(x, y + 64, object_Sonic) &amp;&amp; y == ystart &amp;&amp; !open_top)) {
    with (object_Sonic) {script_die();}
}

// Move Sonic up
if (open_top &amp;&amp; y == ystart) {
    if (place_meeting(x, y + 64, object_sonic)) {object_Sonic.y -= 128;}
}

// Set timer to move block
alarm[0] = 30;</argument>
      </arguments>
    </action>
  </actions>
</event>
