<?xml version="1.0" encoding="UTF-8" standalone="no"?>
<resources>
  <resource name="object_Grass" type="RESOURCE"/>
  <resource name="object_Grass_Slope_Right_Steep" type="RESOURCE"/>
  <resource name="object_Grass_Slope_Right" type="RESOURCE"/>
  <resource name="object_Grass_Slope_Left" type="RESOURCE"/>
  <resource name="object_Grass_Slope_Left_Steep" type="RESOURCE"/>
  <resource name="object_Stones_16x16" type="RESOURCE"/>
  <resource name="object_Stones_32x32" type="RESOURCE"/>
  <resource name="object_Stones_64x64" type="RESOURCE"/>
  <resource name="object_Stones_128x128" type="RESOURCE"/>
  <resource name="object_Stones_512x512" type="RESOURCE"/>
  <resource name="object_Stones_Slope_Right" type="RESOURCE"/>
  <resource name="object_Stones_Slope_Left" type="RESOURCE"/>
  <resource name="object_Stones_Slope_Left_Negative" type="RESOURCE"/>
  <resource name="object_Stones_Slope_Right_Negative" type="RESOURCE"/>
  <resource name="object_Stones_Front" type="RESOURCE"/>
  <resource name="object_Water_Slope_Left_Steep" type="RESOURCE"/>
  <resource name="object_Water_On_Rock" type="RESOURCE"/>
  <resource name="object_Waterfall" type="RESOURCE"/>
  <resource name="object_Water" type="RESOURCE"/>
  <resource name="object_Water_Flowing" type="RESOURCE"/>
  <resource name="object_Water_64x64" type="RESOURCE"/>
  <resource name="object_Water_128x128" type="RESOURCE"/>
  <resource name="object_Water_256x256" type="RESOURCE"/>
  <resource name="object_Water_512x512" type="RESOURCE"/>
  <resource name="object_Ice_16x16" type="RESOURCE"/>
  <resource name="object_Ice_32x32" type="RESOURCE"/>
  <resource name="object_Ice_64x64" type="RESOURCE"/>
  <resource name="object_Ice_128x128" type="RESOURCE"/>
  <resource name="object_Ice_512x512" type="RESOURCE"/>
  <resource name="object_Ice_Let_Negitive" type="RESOURCE"/>
  <resource name="object_Ice_Slope_Right_Negitive" type="RESOURCE"/>
  <resource name="object_Ice_Slope_Left" type="RESOURCE"/>
  <resource name="object_Ice_Slope_Right" type="RESOURCE"/>
  <resource name="object_Volcanic_Rock_16x16" type="RESOURCE"/>
  <resource name="object_Volcanic_Rock_32x32" type="RESOURCE"/>
  <resource name="object_Volcanic_Rock_64x64" type="RESOURCE"/>
  <resource name="object_Volcanic_Rock_128x128" type="RESOURCE"/>
  <resource name="object_Volcanic_Rock_512x512" type="RESOURCE"/>
  <resource name="object_Volcanic_Rock_Sope_Left_Negitive" type="RESOURCE"/>
  <resource name="object_Volcanic_Rock_Slope_Left" type="RESOURCE"/>
  <resource name="object_Volcanic_Rock_Slope_Right_Negitive" type="RESOURCE"/>
  <resource name="object_Volcanic_Rock_Slope_Right" type="RESOURCE"/>
  <resource name="object_Volcanic_Rock_Slope_Right_Negative_Shallow" type="RESOURCE"/>
  <resource name="object_Volcanic_Rock_Slope_Right_Shallow" type="RESOURCE"/>
  <resource name="object_Lava" type="RESOURCE"/>
  <resource name="object_Lava_64x64" type="RESOURCE"/>
  <resource name="object_Lava_128x128" type="RESOURCE"/>
  <resource name="object_Lava_Stream" type="RESOURCE"/>
  <resource name="object_Lava_Fall" type="RESOURCE"/>
  <resource name="object_Dungeon_Rock_16x16" type="RESOURCE"/>
  <resource name="object_Dungeon_Rock_32x32" type="RESOURCE"/>
  <resource name="object_Dungeon_Rock_64x64" type="RESOURCE"/>
  <resource name="object_Dungeon_Rock_128x128" type="RESOURCE"/>
  <resource name="object_Dungeon_Rock_512x512" type="RESOURCE"/>
  <resource name="object_Dungeon_Rock_Slope_Left_Negitive" type="RESOURCE"/>
  <resource name="object_Dungeon_Rock_Slope_Left" type="RESOURCE"/>
  <resource name="object_Dungeon_Rock_Slope_Right_Negitive" type="RESOURCE"/>
  <resource name="object_Dungeon_Rock_Slope_Right" type="RESOURCE"/>
  <resource name="object_Grass_Volcanic_Rock" type="RESOURCE"/>
  <resource name="object_Purple" type="RESOURCE"/>
  <resource name="object_Purple_Slope_Right" type="RESOURCE"/>
  <resource name="object_Purple_256x256" type="RESOURCE"/>
  <resource name="object_Future" type="RESOURCE"/>
  <resource name="object_Future_Top_Right_Missing" type="RESOURCE"/>
  <resource name="object_Future_Top_Left" type="RESOURCE"/>
  <resource name="object_Future_Bottom_Right" type="RESOURCE"/>
  <resource name="object_Future_H" type="RESOURCE"/>
  <resource name="object_Future_V" type="RESOURCE"/>
  <resource name="object_Future_Top_Right" type="RESOURCE"/>
  <resource name="object_Future_Bottom_Left" type="RESOURCE"/>
  <resource name="object_Future_Small" type="RESOURCE"/>
  <resource name="object_Future_Small_No_Star" type="RESOURCE"/>
  <resource name="object_Future_Slope_Left" type="RESOURCE"/>
  <resource name="object_Future_Slope_Right" type="RESOURCE"/>
  <resource name="object_Mesh" type="RESOURCE"/>
  <resource name="object_Mesh_256x192" type="RESOURCE"/>
  <resource name="object_Mesh_128x256" type="RESOURCE"/>
  <resource name="object_Lava_Stream_Left" type="RESOURCE"/>
  <resource name="object_Lava_Stream_Left_Safe" type="RESOURCE"/>
  <resource name="object_Lava_Pool" type="RESOURCE"/>
  <resource name="object_Lava_Basin" type="RESOURCE"/>
  <resource name="object_Future_384x32" type="RESOURCE"/>
  <resource name="object_Future_32x896" type="RESOURCE"/>
  <resource name="object_Future_Slope" type="RESOURCE"/>
  <resource name="object_Future_Platform_Left" type="RESOURCE"/>
  <resource name="object_Future_Platform_Right" type="RESOURCE"/>
  <resource name="object_Future_Platform_Middle" type="RESOURCE"/>
</resources>
