<?xml version="1.0" encoding="UTF-8" standalone="no"?>
<event category="DRAW" id="0">
  <actions>
    <action id="603" library="1">
      <!--action name: Code-->
      <kind>CODE</kind>
      <allowRelative>false</allowRelative>
      <question>false</question>
      <canApplyTo>true</canApplyTo>
      <actionType>CODE</actionType>
      <functionName/>
      <relative>false</relative>
      <not>false</not>
      <appliesTo>.self</appliesTo>
      <arguments>
        <argument kind="STRING">draw_set_halign(fa_center);
draw_set_valign(fa_middle);
draw_set_font(font_title);
draw_set_color(c_white);
if (credits_stage == 0) {
    draw_text(room_width / 2, room_height / 2, "Level Designer:#Dominic Grace");
} else if (credits_stage == 1) {
    draw_text(room_width / 2, room_height / 2, "Programmer:#Stefan Grace");
} else if (credits_stage == 2) {
    draw_text(room_width / 2, 80, "Music:");
    draw_set_halign(fa_left);
    draw_set_font(font_display);
    draw_text(64, room_height / 2, "#Mystic Forest: Kevin MacLeod - Mellowtron"
    + "##Arctic: Kevin MacLeod - Blip Stream"
    + "##Volcanic: Kevin MacLeod - The Complex"
    + "##Dungeon: Kevin MacLeod - Double O"
    + "##Seabed: Kevin MacLeod - Voice Over Under"
    + "##Rainbow: Kevin MacLeod - Vivacity"
    + "##Future: Walk Home - Solar");
} else if (credits_stage == 3) {
    draw_text(room_width / 2, 80, "Graphics:");
    draw_set_halign(fa_left);
    draw_set_font(font_display);
    draw_text(64, room_height / 2, "Sheep: Drawn by Dominic Grace"
    + "##Bird: https://yahoo.digitaladvertising.com.hk/bicawards2015/assets/images/judges#/element-4.png "
    + "##Snake: Photographed by Stefan Grace"
    + "##Shark: Photographed by Stefan Grace"
    + "##Butterfly: Videoed by Debbie Grace"
    + "##Rat: https://pixabay.com/en/rat-color-rat-young-animal-curious-2826736/"); 
} else if (credits_stage == 4) {
    draw_text(room_width / 2, 80, "Graphics:");
    draw_set_halign(fa_left);
    draw_set_font(font_display);
    draw_text(64, room_height / 2, "Tree: Dawn by Stefan Grace"
    + "##Ladder: Drawn by Stefan Grace"
    + "##Bubbles: Drawn by Stefan Grace"
    + "##Boulder: Drawn by Stefan Grace"
    + "##Big Spike: Drawn by Stefan Grace"
    + "##Fire: https://upload.wikimedia.org/wikipedia/commons/3/36/Fire-animation.gif");
} else if (credits_stage == 5) {
    draw_text(room_width / 2, 80, "Graphics:");
    draw_set_halign(fa_left);
    draw_set_font(font_display);
    draw_text(64, room_height / 2, "Bow: Drawn by Stefan Grace"
    + "##Arrow: Drawn by Dominic Grace"
    + "##Rainbow: Drawn by Stefan Grace"
    + "##Clouds: Drawn by Stefan Grace"
    + "##Car: Drawn by Stefan Grace"
    + "##Lightning: Drawn by Dominic Grace");
} else if (credits_stage == 6) {
    draw_text(room_width / 2, room_height / 2, "Created With:#Game Maker 7.0 Pro");
} else {
    draw_set_valign(fa_top);
    draw_set_halign(fa_left);
    draw_sprite(sprite_level_select, 0, 300, 130);
    draw_text(700, 100, "Sonic The#Hedgehog");
    draw_text_color(700, 330, "Dom", c_blue, c_blue, c_blue, c_blue, 1);
    draw_set_font(font_display);
    draw_set_halign(fa_center);
    draw_text(room_width / 2, room_height - 50, "Press R to restart, Press Esc to exit");
}</argument>
      </arguments>
    </action>
  </actions>
</event>
