<?xml version="1.0" encoding="UTF-8" standalone="no"?>
<event category="STEP" id="0">
  <actions>
    <action id="603" library="1">
      <!--action name: Code-->
      <kind>CODE</kind>
      <allowRelative>false</allowRelative>
      <question>false</question>
      <canApplyTo>true</canApplyTo>
      <actionType>CODE</actionType>
      <functionName/>
      <relative>false</relative>
      <not>false</not>
      <appliesTo>.self</appliesTo>
      <arguments>
        <argument kind="STRING">seconds += 1 / 30;

//credits_stage = floor(seconds / 5);
if (seconds &lt; 10) {
    break;
} else if (seconds &lt; 20) {
    if (!sound_isplaying(sound_arctic)) {sound_play(sound_arctic);}
    credits_stage = 1;
} else if (seconds &lt; 30) {
    if (!sound_isplaying(sound_volcanic)) {sound_play(sound_volcanic);}
    credits_stage = 2;
} else if (seconds &lt; 40) {
    if (!sound_isplaying(sound_dungeon)) {sound_play(sound_dungeon);}
    credits_stage = 3;
} else if (seconds &lt; 50) {
    if (!sound_isplaying(sound_seabed)) {sound_play(sound_seabed);}
    credits_stage = 4;
} else if (seconds &lt; 60) {
    if (!sound_isplaying(sound_rainbow)) {sound_play(sound_rainbow);}
    credits_stage = 5;
} else if (seconds &lt; 70) {
    if (!sound_isplaying(sound_future)) {sound_play(sound_future);}
    credits_stage = 6;
} else {
    if (!welcome_sound_has_played) {
        sound_play(sound_welcome);
        welcome_sound_has_played = true;
    }
    credits_stage = 8;
}

if (keyboard_check(ord("R"))) {game_restart();}
</argument>
      </arguments>
    </action>
  </actions>
</event>
