<?xml version="1.0" encoding="UTF-8" standalone="no"?>
<event category="CREATE" id="0">
  <actions>
    <action id="603" library="1">
      <!--action name: Code-->
      <kind>CODE</kind>
      <allowRelative>false</allowRelative>
      <question>false</question>
      <canApplyTo>true</canApplyTo>
      <actionType>CODE</actionType>
      <functionName/>
      <relative>false</relative>
      <not>false</not>
      <appliesTo>.self</appliesTo>
      <arguments>
        <argument kind="STRING">sound_play(sound_dom);

zones[1] = "Mystic Forest";
zones[2] = "Artic";
zones[3] = "Volcanic";
zones[4] = "Dungeon";
zones[5] = "Seabed";
zones[6] = "Rainbow";
zones[7] = "Future";

show_score = false;</argument>
      </arguments>
    </action>
  </actions>
</event>
