<?xml version="1.0" encoding="UTF-8" standalone="no"?>
<event category="ALARM" id="0">
  <actions>
    <action id="603" library="1">
      <!--action name: Code-->
      <kind>CODE</kind>
      <allowRelative>false</allowRelative>
      <question>false</question>
      <canApplyTo>true</canApplyTo>
      <actionType>CODE</actionType>
      <functionName/>
      <relative>false</relative>
      <not>false</not>
      <appliesTo>.self</appliesTo>
      <arguments>
        <argument kind="STRING">// Move edges
if (y == ystart) {
    y = ystart + 128;
    var i;
    for (i = 0; i &lt; 15; i += 1) {
        with (edge[i]) {y = ystart + 128;}
    }
} else {
    y = ystart;
    for (i = 0; i &lt; 15; i += 1) {
        with (edge[i]) {y = ystart;}
    }
}

// Crush Sonic

if (place_meeting(x, y, object_Sonic)) {
    with (object_Sonic) {script_die();}
}
/*
var i;
for (i = 0; i &lt; 4; i += 1) {
    with (edge[i]) {
        if (place_meeting(x, y, object_Sonic)) {
            with (object_Sonic) {script_die();}
        }
    }
}
for (i = 12; i &lt; 15; i += 1) {
    with (edge[i]) {
        if (place_meeting(x, y, object_Sonic)) {
            with (object_Sonic) {script_die();}
        }
    }
}
*/

// Set timer to move block
alarm[0] = 30;</argument>
      </arguments>
    </action>
  </actions>
</event>
