<?xml version="1.0" encoding="UTF-8" standalone="no"?>
<event category="DRAW" id="0">
  <actions>
    <action id="603" library="1">
      <!--action name: Code-->
      <kind>CODE</kind>
      <allowRelative>false</allowRelative>
      <question>false</question>
      <canApplyTo>true</canApplyTo>
      <actionType>CODE</actionType>
      <functionName/>
      <relative>false</relative>
      <not>false</not>
      <appliesTo>.self</appliesTo>
      <arguments>
        <argument kind="STRING">var i chain_x chain_y;

chain_x[0] = x;
chain_x[1] = mean(x, x, x, x, x, x, x, x, x, x, object_Dr_Robonic.x);
chain_x[2] = mean(x, x, x, x, x, x, x, x, x, object_Dr_Robonic.x, object_Dr_Robonic.x);
chain_x[3] = mean(x, x, x, x, x, x, x, x, object_Dr_Robonic.x, object_Dr_Robonic.x, object_Dr_Robonic.x);
chain_x[4] = mean(x, x, x, x, x, x, x, object_Dr_Robonic.x, object_Dr_Robonic.x, object_Dr_Robonic.x, object_Dr_Robonic.x);
chain_x[5] = mean(x, x, x, x, x, x, object_Dr_Robonic.x, object_Dr_Robonic.x, object_Dr_Robonic.x, object_Dr_Robonic.x, object_Dr_Robonic.x);
chain_x[6] = mean(x, x, x, x, x, object_Dr_Robonic.x, object_Dr_Robonic.x, object_Dr_Robonic.x, object_Dr_Robonic.x, object_Dr_Robonic.x, object_Dr_Robonic.x);
chain_x[7] = mean(x, x, x, x, object_Dr_Robonic.x, object_Dr_Robonic.x, object_Dr_Robonic.x, object_Dr_Robonic.x, object_Dr_Robonic.x, object_Dr_Robonic.x, object_Dr_Robonic.x);
chain_x[8] = mean(x, x, x, object_Dr_Robonic.x, object_Dr_Robonic.x, object_Dr_Robonic.x, object_Dr_Robonic.x, object_Dr_Robonic.x, object_Dr_Robonic.x, object_Dr_Robonic.x, object_Dr_Robonic.x);
chain_x[9] = mean(x, x, object_Dr_Robonic.x, object_Dr_Robonic.x, object_Dr_Robonic.x, object_Dr_Robonic.x, object_Dr_Robonic.x, object_Dr_Robonic.x, object_Dr_Robonic.x, object_Dr_Robonic.x, object_Dr_Robonic.x);
chain_x[10] = mean(x, object_Dr_Robonic.x, object_Dr_Robonic.x, object_Dr_Robonic.x, object_Dr_Robonic.x, object_Dr_Robonic.x, object_Dr_Robonic.x, object_Dr_Robonic.x, object_Dr_Robonic.x, object_Dr_Robonic.x, object_Dr_Robonic.x);
chain_x[11] = object_Dr_Robonic.x;

chain_y[0] = y;
chain_y[1] = mean(y, y, y, y, y, y, y, y, y, y, object_Dr_Robonic.y);
chain_y[2] = mean(y, y, y, y, y, y, y, y, y, object_Dr_Robonic.y, object_Dr_Robonic.y);
chain_y[3] = mean(y, y, y, y, y, y, y, y, object_Dr_Robonic.y, object_Dr_Robonic.y, object_Dr_Robonic.y);
chain_y[4] = mean(y, y, y, y, y, y, y, object_Dr_Robonic.y, object_Dr_Robonic.y, object_Dr_Robonic.y, object_Dr_Robonic.y);
chain_y[5] = mean(y, y, y, y, y, y, object_Dr_Robonic.y, object_Dr_Robonic.y, object_Dr_Robonic.y, object_Dr_Robonic.y, object_Dr_Robonic.y);
chain_y[6] = mean(y, y, y, y, y, object_Dr_Robonic.y, object_Dr_Robonic.y, object_Dr_Robonic.y, object_Dr_Robonic.y, object_Dr_Robonic.y, object_Dr_Robonic.y);
chain_y[7] = mean(y, y, y, y, object_Dr_Robonic.y, object_Dr_Robonic.y, object_Dr_Robonic.y, object_Dr_Robonic.y, object_Dr_Robonic.y, object_Dr_Robonic.y, object_Dr_Robonic.y);
chain_y[8] = mean(y, y, y, object_Dr_Robonic.y, object_Dr_Robonic.y, object_Dr_Robonic.y, object_Dr_Robonic.y, object_Dr_Robonic.y, object_Dr_Robonic.y, object_Dr_Robonic.y, object_Dr_Robonic.y);
chain_y[9] = mean(y, y, object_Dr_Robonic.y, object_Dr_Robonic.y, object_Dr_Robonic.y, object_Dr_Robonic.y, object_Dr_Robonic.y, object_Dr_Robonic.y, object_Dr_Robonic.y, object_Dr_Robonic.y, object_Dr_Robonic.y);
chain_y[10] = mean(y, object_Dr_Robonic.y, object_Dr_Robonic.y, object_Dr_Robonic.y, object_Dr_Robonic.y, object_Dr_Robonic.y, object_Dr_Robonic.y, object_Dr_Robonic.y, object_Dr_Robonic.y, object_Dr_Robonic.y, object_Dr_Robonic.y);
chain_y[11] = object_Dr_Robonic.y;

// draw chain
for (i = 0; i &lt; 12; i += 1) {
    draw_circle_color(chain_x[i], chain_y[i], 12, c_black, c_black, true);
} 

draw_sprite(sprite_spike_ball, 0, x, y);</argument>
      </arguments>
    </action>
  </actions>
</event>
