<?xml version="1.0" encoding="UTF-8" standalone="no"?>
<event category="STEP" id="0">
  <actions>
    <action id="603" library="1">
      <!--action name: Code-->
      <kind>CODE</kind>
      <allowRelative>false</allowRelative>
      <question>false</question>
      <canApplyTo>true</canApplyTo>
      <actionType>CODE</actionType>
      <functionName/>
      <relative>false</relative>
      <not>false</not>
      <appliesTo>.self</appliesTo>
      <arguments>
        <argument kind="STRING">if (x &lt;= xstart) {
    path_start(path_spike_ball, 8, path_action_stop, false);
    object_Dr_Robonic.x = xstart;
    object_Dr_Robonic.hspeed = 8;
} else if (x &gt;= xstart + 656) {
    path_start(path_spike_ball_reverse, 8, path_action_stop, false);
    object_Dr_Robonic.x = xstart + 656;
    object_Dr_Robonic.hspeed = -8;
}

/*
y = object_Dr_Robonic.y + 192 + y_offset;

if (steps mod 120 &lt; 30) {
    hspeed += 0.5;
    y_offset += 2;
} else if (steps mod 120 &lt; 60) {
    hspeed -= 0.5;
    y_offset -= 2;
} else if (steps mod 120 &lt; 90) {
    hspeed -= 0.5;
    y_offset += 2;
} else if (steps mod 120 &lt; 120) {
    hspeed += 0.5;
    y_offset -= 2;
}
*/
steps += 1;
    
</argument>
      </arguments>
    </action>
  </actions>
</event>
