<?xml version="1.0" encoding="UTF-8" standalone="no"?>
<event category="ALARM" id="0">
  <actions>
    <action id="603" library="1">
      <!--action name: Code-->
      <kind>CODE</kind>
      <allowRelative>false</allowRelative>
      <question>false</question>
      <canApplyTo>true</canApplyTo>
      <actionType>CODE</actionType>
      <functionName/>
      <relative>false</relative>
      <not>false</not>
      <appliesTo>.self</appliesTo>
      <arguments>
        <argument kind="STRING">instance_create(x, y, object_Pinball);

if (object_Sonic.zone == 3 &amp;&amp; object_Sonic.act == 3) {
    alarm[0] = 90;
} else {
    alarm[0] = 60;
}</argument>
      </arguments>
    </action>
  </actions>
</event>
