<?xml version="1.0" encoding="UTF-8" standalone="no"?>
<event category="ALARM" id="0">
  <actions>
    <action id="603" library="1">
      <!--action name: Code-->
      <kind>CODE</kind>
      <allowRelative>false</allowRelative>
      <question>false</question>
      <canApplyTo>true</canApplyTo>
      <actionType>CODE</actionType>
      <functionName/>
      <relative>false</relative>
      <not>false</not>
      <appliesTo>.self</appliesTo>
      <arguments>
        <argument kind="STRING">var i;
for(i = 0; i &lt; 3; i += 1) {
    platform[i] = instance_create(x + (i * 32) - 48, y - 16, object_Platform);
    with (platform[i]) {path_start(other.path_to_follow, 5, 1, false);}
}

path_start(path_to_follow, 5, 1, false);

if (main) {
    switch (path_to_follow) {
        case path_rotating_platform_future_act1:
        case path_rotating_platform_future_act2_3:
           platforms_to_create = 4;
           interval = 66; 
           break;
           
        case path_rotating_platform_future_act2_1:
            platforms_to_create = 3;
            interval = 52; 
            break;
            
        case path_rotating_platform_future_act2_2:
            platforms_to_create = 2;
            interval = 56; 
            break;
    }
    
    alarm[1] = interval;
}</argument>
      </arguments>
    </action>
  </actions>
</event>
