<?xml version="1.0" encoding="UTF-8" standalone="no"?>
<event category="CREATE" id="0">
  <actions>
    <action id="603" library="1">
      <!--action name: Code-->
      <kind>CODE</kind>
      <allowRelative>false</allowRelative>
      <question>false</question>
      <canApplyTo>true</canApplyTo>
      <actionType>CODE</actionType>
      <functionName/>
      <relative>false</relative>
      <not>false</not>
      <appliesTo>.self</appliesTo>
      <arguments>
        <argument kind="STRING">if (x == 29200) {
    vspeed = 10;
} else if (x == 29088) {
    hspeed = -8;
    vspeed = -6;
} else if (x == 29312) {
    hspeed = 8;
    vspeed = -6;
}</argument>
      </arguments>
    </action>
  </actions>
</event>
