<?xml version="1.0" encoding="UTF-8" standalone="no"?>
<event category="CREATE" id="0">
  <actions>
    <action id="603" library="1">
      <!--action name: Code-->
      <kind>CODE</kind>
      <allowRelative>false</allowRelative>
      <question>false</question>
      <canApplyTo>true</canApplyTo>
      <actionType>CODE</actionType>
      <functionName/>
      <relative>false</relative>
      <not>false</not>
      <appliesTo>.self</appliesTo>
      <arguments>
        <argument kind="STRING">instance_create(x - 80, y + 16, object_Platform);
instance_create(x - 48, y, object_Platform);
instance_create(x - 16, y - 16, object_Platform);
instance_create(x + 16, y, object_Platform);
instance_create(x + 48, y + 16, object_Platform);
start_angle = angle;</argument>
      </arguments>
    </action>
  </actions>
</event>
