<?xml version="1.0" encoding="UTF-8" standalone="no"?>
<event category="STEP" id="0">
  <actions>
    <action id="603" library="1">
      <!--action name: Code-->
      <kind>CODE</kind>
      <allowRelative>false</allowRelative>
      <question>false</question>
      <canApplyTo>true</canApplyTo>
      <actionType>CODE</actionType>
      <functionName/>
      <relative>false</relative>
      <not>false</not>
      <appliesTo>.self</appliesTo>
      <arguments>
        <argument kind="STRING">if (object_Sonic.y &lt; y &amp;&amp; object_Sonic.y &gt; y - 64 &amp;&amp; object_Sonic.vspeed &gt;= 0) { // Sonic is above the platform
    if (object_Sonic.x &lt; x - 16 &amp;&amp; object_Sonic.x &gt; x - 96 &amp;&amp; angle == -20) { // Sonic is on the right half of the platform
        angle = 20;
        if (place_meeting(x, y - 8, object_Weighted_Block)) {
            with (object_Weighted_Block) {
                if (place_meeting(x, y + 8, other)) {
                    if (x &gt; other.x) {
                        vspeed = -30;
                        bouncing = true;
                        x_start = x;
                    }
                }
            }
        }
    } else if (object_Sonic.x &gt; x + 16 &amp;&amp; object_Sonic.x &lt; x + 96 &amp;&amp; angle == 20) { // Sonic is on the left half of the platform
        angle = -20;
        if (place_meeting(x, y - 8, object_Weighted_Block)) {
            with (object_Weighted_Block) {
                if (place_meeting(x, y + 8, other)) {
                    if (x &lt; other.x) {
                        vspeed = -30;
                        bouncing_right = true;
                        x_start = x;
                    }
                }
            }
        }
    }
}</argument>
      </arguments>
    </action>
  </actions>
</event>
