<?xml version="1.0" encoding="UTF-8" standalone="no"?>
<event category="STEP" id="0">
  <actions>
    <action id="603" library="1">
      <!--action name: Code-->
      <kind>CODE</kind>
      <allowRelative>false</allowRelative>
      <question>false</question>
      <canApplyTo>true</canApplyTo>
      <actionType>CODE</actionType>
      <functionName/>
      <relative>false</relative>
      <not>false</not>
      <appliesTo>.self</appliesTo>
      <arguments>
        <argument kind="STRING">if (place_meeting(x - sprite_width, y, object_Sonic) &amp;&amp; keyboard_check(vk_right)) {
    x = object_Sonic.x + sprite_width;
} else if (place_meeting(x + sprite_width, y, object_Sonic) &amp;&amp; keyboard_check(vk_left)) {
    x = object_Sonic.x - sprite_width;
}</argument>
      </arguments>
    </action>
  </actions>
</event>
