<?xml version="1.0" encoding="UTF-8" standalone="no"?>
<event category="ALARM" id="1">
  <actions>
    <action id="603" library="1">
      <!--action name: Code-->
      <kind>CODE</kind>
      <allowRelative>false</allowRelative>
      <question>false</question>
      <canApplyTo>true</canApplyTo>
      <actionType>CODE</actionType>
      <functionName/>
      <relative>false</relative>
      <not>false</not>
      <appliesTo>.self</appliesTo>
      <arguments>
        <argument kind="STRING">rotated = false;

if (angle == 270) {
    angle = 0;
} else {
    angle = 180;
}

var i;
for (i = 0; i &lt; 14; i += 1) {
    platform[i] = instance_create((x - (sprite_width / 2))+ (i * 32), y - 32, object_Platform);
}

alarm[0] = 30;</argument>
      </arguments>
    </action>
  </actions>
</event>
