<?xml version="1.0" encoding="UTF-8" standalone="no"?>
<resources>
  <resource name="script_start" type="RESOURCE"/>
  <resource name="script_draw" type="RESOURCE"/>
  <resource name="script_draw_ui" type="RESOURCE"/>
  <resource name="script_sonic" type="RESOURCE"/>
  <resource name="script_view" type="RESOURCE"/>
  <resource name="script_die" type="RESOURCE"/>
  <resource name="script_dead" type="RESOURCE"/>
  <resource name="script_hit" type="RESOURCE"/>
  <resource name="script_extra_life" type="RESOURCE"/>
  <resource name="script_moving" type="RESOURCE"/>
  <resource name="script_stay_on_platform" type="RESOURCE"/>
</resources>
