<?xml version="1.0" encoding="UTF-8" standalone="no"?>
<event category="DRAW" id="0">
  <actions>
    <action id="603" library="1">
      <!--action name: Code-->
      <kind>CODE</kind>
      <allowRelative>false</allowRelative>
      <question>false</question>
      <canApplyTo>true</canApplyTo>
      <actionType>CODE</actionType>
      <functionName/>
      <relative>false</relative>
      <not>false</not>
      <appliesTo>.self</appliesTo>
      <arguments>
        <argument kind="STRING">if (skin == 3) {
    draw_sprite(sprite_moving_platform_rainbow, 0, x, y);
} else if (skin == 4) {
    draw_sprite(sprite_moving_platform_future, 0, x, y);  
} else {
    var i;
    for (i = 0; i &lt; 96; i += 32) {
        switch (skin) {
            case 0: draw_sprite(sprite_ice_32x32, 0, x + i, y); break;
            case 1: draw_sprite(sprite_stones_32x32, 0, x + i, y); break;
            case 2: draw_sprite(sprite_volcanic_rock_32x32, 0, x + i, y); break;
        }
    }
}


</argument>
      </arguments>
    </action>
  </actions>
</event>
