<?xml version="1.0" encoding="UTF-8" standalone="no"?>
<event category="STEP" id="0">
  <actions>
    <action id="603" library="1">
      <!--action name: Code-->
      <kind>CODE</kind>
      <allowRelative>false</allowRelative>
      <question>false</question>
      <canApplyTo>true</canApplyTo>
      <actionType>CODE</actionType>
      <functionName/>
      <relative>false</relative>
      <not>false</not>
      <appliesTo>.self</appliesTo>
      <arguments>
        <argument kind="STRING">if (bottom == 0) {
    if (top == 0) {
        if (right == 0) {
            if (x &gt;= xstart) {
                hspeed = -6;
            } else if (x &lt;= left) {
                hspeed = 6;
            }
            var i;
            for (i = 0; i &lt; 3; i += 1) {
                platform[i].hspeed = hspeed;
            }
        } else {
            
            if (x &lt;= xstart) {
                hspeed = 6;
            } else if (x &gt;= right) {
                hspeed = -6;
            }
            var i;
            for (i = 0; i &lt; 3; i += 1) {
                platform[i].hspeed = hspeed;
            }
        }
    } else {
        if (y &gt;= ystart) {
            vspeed = -6;
        } else if (y &lt;= top) {
            vspeed = 6;
        }
        var i;
        for (i = 0; i &lt; 3; i += 1) {
            platform[i].vspeed = vspeed;
        }
    }
} else {
    if (y &lt;= ystart) {
        vspeed = 6;
    } else if (y &gt;= bottom) {
        vspeed = -6;
    }
    var i;
    for (i = 0; i &lt; 3; i += 1) {
        platform[i].vspeed = vspeed;
    }
}</argument>
      </arguments>
    </action>
  </actions>
</event>
