<?xml version="1.0" encoding="UTF-8" standalone="no"?>
<event category="STEP" id="0">
  <actions>
    <action id="603" library="1">
      <!--action name: Code-->
      <kind>CODE</kind>
      <allowRelative>false</allowRelative>
      <question>false</question>
      <canApplyTo>true</canApplyTo>
      <actionType>CODE</actionType>
      <functionName/>
      <relative>false</relative>
      <not>false</not>
      <appliesTo>.self</appliesTo>
      <arguments>
        <argument kind="STRING">if (place_meeting(x, y - 8, object_Sonic)) {
    if (y &gt; top &amp;&amp; vspeed == 0) {vspeed = -5;}
    if (object_Sonic.y &gt; y - 42) {object_Sonic.y -= 10;}
}

if (y &lt;= top) {
    vspeed = 0;
    y = top;
    if (!place_meeting(x, y - 8, object_Sonic)) {vspeed = 5;}
} else if (y &gt;= ystart &amp;&amp; vspeed &gt; 0){
    vspeed = 0;
    y = ystart;
}

var i;
for (i = 0; i &lt; 4; i += 1) {
    platform[i].vspeed = vspeed;
}


</argument>
      </arguments>
    </action>
  </actions>
</event>
