<?xml version="1.0" encoding="UTF-8" standalone="no"?>
<event category="DRAW" id="0">
  <actions>
    <action id="603" library="1">
      <!--action name: Code-->
      <kind>CODE</kind>
      <allowRelative>false</allowRelative>
      <question>false</question>
      <canApplyTo>true</canApplyTo>
      <actionType>CODE</actionType>
      <functionName/>
      <relative>false</relative>
      <not>false</not>
      <appliesTo>.self</appliesTo>
      <arguments>
        <argument kind="STRING">// Draw platform
var i;
for (i = 0; i &lt; 96; i += 32) {
    draw_sprite(sprite_stones_32x32, 0, x + i, y);
}

// Draw chain
var i;
for (i = top + 16; i &lt; y; i += 32) {
    draw_circle_color(x + 48, i, 16, c_black, c_black, true);
}</argument>
      </arguments>
    </action>
  </actions>
</event>
