<?xml version="1.0" encoding="UTF-8" standalone="no"?>
<event category="STEP" id="2">
  <actions>
    <action id="603" library="1">
      <!--action name: Code-->
      <kind>CODE</kind>
      <allowRelative>false</allowRelative>
      <question>false</question>
      <canApplyTo>true</canApplyTo>
      <actionType>CODE</actionType>
      <functionName/>
      <relative>false</relative>
      <not>false</not>
      <appliesTo>.self</appliesTo>
      <arguments>
        <argument kind="STRING">var i;
for (i = 0; i &lt; 3; i += 1) {
    platform[i].y = y;
    bottom[i].y = y + 32;
}

if (y &lt; ystart - 16 &amp;&amp; y &gt; top + 32){
    script_stay_on_platform();
}</argument>
      </arguments>
    </action>
  </actions>
</event>
