<?xml version="1.0" encoding="UTF-8" standalone="no"?>
<event category="STEP" id="0">
  <actions>
    <action id="603" library="1">
      <!--action name: Code-->
      <kind>CODE</kind>
      <allowRelative>false</allowRelative>
      <question>false</question>
      <canApplyTo>true</canApplyTo>
      <actionType>CODE</actionType>
      <functionName/>
      <relative>false</relative>
      <not>false</not>
      <appliesTo>.self</appliesTo>
      <arguments>
        <argument kind="STRING">if (!alarm_set) {
    if (y &gt;= ystart) {
        vspeed = 0;
        y = ystart;
        alarm[0] = 20;
        alarm_set = true;
        if (!bottom_not_floor) {
            var i;
            for (i = 0; i &lt; 3; i += 1) {
                with (bottom[i]) {
                    if (place_meeting(x, y, object_Sonic)) {
                        with (object_Sonic) {script_die();}
                    }
                }
            }
        }
        
    } else if (y &lt;= top) {
        vspeed = 0;
        y = top;
        alarm[1] = 20;
        alarm_set = true;
        var i;
        for (i = 0; i &lt; 3; i += 1) {
            with (platform[i]) {
                if (place_meeting(x, y, object_Sonic)) {
                    with (object_Sonic) {script_die();}
                }
            }
        }
    } 
}</argument>
      </arguments>
    </action>
  </actions>
</event>
